id,make,model,model_year,vin
1,Mitsubishi,Galant,1999,WBAYB6C56DD390248
2,Volkswagen,Golf,1996,JN8AE2KP0E9005864
3,Renault,Alliance,1983,WAULFAFR8AA020447
4,Cadillac,DeVille,2005,1G6DW677960075006
5,Nissan,Altima,2004,WAUJC68E55A817588
6,Volvo,850,1995,1N4AL2AP8AC068099
7,Pontiac,LeMans,1964,JH4CU2F88CC616413
8,Ford,Club Wagon,1995,5N1AA0NC2FN767473
9,Hyundai,Elantra,2005,ZFBCFAAH9EZ195253
10,Ford,Explorer Sport Trac,2008,4F2CY0C7XBK880582
11,Dodge,Caravan,1994,1G4GC5EC1BF481121
12,BMW,545,2005,1G6AA5RA6E0692012
13,BMW,M6,2008,2G4G15GV7B9595346
14,Mercedes-Benz,C-Class,1994,1GYS4FEJ5DR527173
15,Isuzu,Trooper,2000,KMHEC4A42EA174042
16,Mazda,B-Series,2004,19UUA65696A438986
17,Maybach,Landaulet,2012,YV4952CF9D1569317
18,Audi,S5,2010,WAUKFAFL5EA443225
19,Chevrolet,Venture,2005,1G6KD57Y49U630750
20,Volkswagen,Golf,1988,WAUHF78P29A107177
21,Ford,Taurus,2012,SCFHDDAT9EG002286
22,Mercedes-Benz,GL-Class,2007,1FTEX1CW7AK956344
23,Chevrolet,Malibu,2002,WAUSH74F78N416521
24,Mercury,Grand Marquis,1999,KNALN4D77E5342419
25,Volvo,C70,2009,SCBGT3ZA3FC276136
26,Nissan,Altima,2002,3GYFNJE37DS559414
27,Acura,TL,2005,4USDU53477L738060
28,GMC,Sierra 3500,2000,WAUDH94F47N090826
29,Cadillac,DeVille,1997,1FTSX2B54AE804750
30,Ford,F250,1993,3D4PG4FB9AT438890
31,Mercury,Mountaineer,2008,1G6DJ5EG7A0469916
32,Mercedes-Benz,E-Class,2011,5FRYD3H98GB326764
33,Subaru,Legacy,2002,5UXWZ7C57F0766265
34,Kia,Soul,2010,JTDJTUD31DD681548
35,Geo,Metro,1994,SCFEBBAK5DG482328
36,Ford,Econoline E350,2002,5YMGY0C56AL361092
37,Ford,LTD Crown Victoria,1990,WAU3VAFR6CA287091
38,Mercedes-Benz,W201,1992,3C4PDDEG8DT918071
39,Hyundai,Elantra,1999,5TDDK3DC9ES163624
40,Chrysler,300C,2005,WBAKF5C50DE814750
41,Buick,Regal,1998,WBABD334X5J567960
42,GMC,Savana 1500,2005,WBAUC9C50CV885020
43,Maserati,Quattroporte,1984,1GYS3JEF8CR999013
44,Bentley,Continental,2005,WAULC58E64A098174
45,Volkswagen,Golf,1985,1N4AA5AP0AC608326
46,GMC,2500 Club Coupe,1995,JA32X2HU8BU405668
47,Chevrolet,Venture,2000,JH4CW2H66CC288303
48,Buick,Century,1997,1GYEK63N36R410977
49,Hummer,H1,2006,2G4GU5GX3E9118782
50,Mercury,Cougar,1985,5XXGM4A74FG460579
51,Audi,200,1990,WA1LFAFPXCA819015
52,GMC,Savana 1500,1997,1N4AB7AP7EN668977
53,Hyundai,Excel,1994,2LMHJ5AT9CB203848
54,Mercedes-Benz,GL-Class,2011,5XXGM4A78CG325469
55,Toyota,4Runner,2003,1FTSW3B53AE277874
56,GMC,Yukon XL 2500,2007,1GYFK13229R221206
57,Infiniti,FX,2012,3VWML7AJ6EM551141
58,Honda,Civic,1988,1GYS4HEF0CR000468
59,Ford,F150,1993,JH4KC1F36EC226202
60,Lincoln,Continental,2001,WAUAF98E75A678931
61,Chevrolet,Prizm,2001,1G6KD57Y45U105813
62,Chevrolet,Lumina,1994,3VWC17AU0FM057242
63,Hummer,H3,2008,WVGFG9BP9BD275197
64,Ford,Ranger,1997,1GD22XEG9FZ251939
65,Mercedes-Benz,G-Class,2010,WDBSK7BA2CF084596
66,Suzuki,SJ,1987,KNDKG3A27A7111725
67,Toyota,Land Cruiser,2004,KMHTC6AD6FU175200
68,Mercedes-Benz,E-Class,1986,1YVHZ8BA5A5475980
69,Volvo,C70,1998,KNDMB5C14F6968167
70,GMC,Jimmy,1996,WAUPEBFM3CA435712
71,Plymouth,Fury,1964,3VW1K7AJ1EM850249
72,GMC,Yukon XL 1500,2002,WA1YD64B45N780837
73,Chevrolet,Avalanche 1500,2003,WBAWC73549E372004
74,Nissan,350Z,2004,WAUBF48H37K029108
75,Toyota,Avalon,2009,TRUTC28N011572414
76,Maybach,57,2008,WAUBFAFL6BA192839
77,Saturn,Outlook,2010,SCBLE37G56C992486
78,Chevrolet,Suburban 1500,1997,WA1DGAFE5ED037738
79,Ford,F-Series,1994,2D4RN3DGXBR763723
80,Maserati,Quattroporte,2009,JH4DC548X5S116323
81,Nissan,Pathfinder,1996,KNADH5A34B6926186
82,Kia,Sportage,2009,WBSDX9C57BE748672
83,Toyota,Land Cruiser,1997,1C4RDJAG2DC965055
84,GMC,Rally Wagon 2500,1992,SCBLC47J08C149807
85,Toyota,Paseo,1993,WBAET37473N885955
86,Pontiac,Bonneville,2004,1FMJK1G58EE155775
87,Dodge,Ram 3500,2007,3N1BC1AP7AL574037
88,GMC,Savana 2500,2005,3VWKZ8AJ7BM902159
89,Mercedes-Benz,SLK-Class,1999,1D4SE6GT1BC323572
90,Ford,Taurus,1986,WVGAV7AX5FW866224
91,Suzuki,Swift,1993,WA1DGAFEXCD884039
92,Volvo,C70,2003,1FTEX1C88AK652215
93,Mitsubishi,Lancer Evolution,2003,KMHHT6KD5BU149511
94,Land Rover,LR4,2011,SCFBB03C19G884822
95,Mercedes-Benz,G-Class,2012,SCBCR73W07C689173
96,Subaru,Legacy,1995,5N1AA0NCXBN385265
97,Ford,F350,2007,WAU2GBFC7EN096153
98,Audi,A6,1997,TRURD28N461185928
99,Volkswagen,Type 2,1988,19UYA42663A359183
100,Suzuki,Swift,1990,WBAPH5G59AN292612
101,Geo,Metro,1997,1GYS3EEJXDR303197
102,Mazda,Tribute,2002,WP1AE2A27FL575328
103,Maybach,62,2006,19UUA9F26EA682302
104,Nissan,Quest,1999,KNADH4A39A6857598
105,Acura,Legend,1989,2LMDJ6JK5CB933283
106,Toyota,Land Cruiser,1999,WDDGF4HB1DA644963
107,Audi,Quattro,1993,1C3CDFEBXED924920
108,GMC,Rally Wagon G2500,1995,2HKRM3H36EH623144
109,Honda,Prelude,1993,WAUEF78E58A365547
110,Dodge,Challenger,2008,WP0CB2A84FS187621
111,GMC,Jimmy,2001,SCBBR53WX68164395
112,Pontiac,Grand Prix,1967,5XYZG3AB5CG173466
113,Volkswagen,Jetta,1986,5UXKR2C51E0988445
114,Ford,Ranger,1998,JM3ER2W37A0740582
115,Volvo,XC90,2003,5NPEB4AC8BH454261
116,Volkswagen,GTI,1998,JN1AZ4EHXEM601502
117,Dodge,Ram 1500 Club,1995,WBA3A9G50DN964779
118,Pontiac,Grand Prix,1977,JTDKN3DU2B0431550
119,Audi,S4,2012,2LMHJ5ATXFB125651
120,Pontiac,Fiero,1985,2C3CDYBT3EH914533
121,Lamborghini,Gallardo,2005,WVWAP7AN4DE202836
122,Pontiac,GTO,1969,JN8AZ2KRXET964293
123,Volkswagen,Passat,1985,2C4RDGEG3DR712024
124,Chevrolet,Camaro,1970,WAUJT64B82N946683
125,Subaru,Justy,1989,WAUNF68P86A124512
126,Infiniti,G,1999,3GYFNEE36CS840111
127,Oldsmobile,Silhouette,1993,KNADH4A30B6505611
128,Volkswagen,Jetta,1988,WAUAFAFLXBN010578
129,Dodge,Viper RT/10,1993,WBAKF9C55DE365685
130,Lexus,IS,2009,1GD21ZCG6DZ705417
131,Saab,9000,1999,WA1DGBFE0DD042026
132,Hyundai,Sonata,2003,3GYT4NEF0CG276667
133,Pontiac,LeMans,1964,KNAFU5A22B5177132
134,Volvo,S40,2000,3D7TP2CTXBG231597
135,Ford,Aerostar,1987,1G6AB5R30D0226685
136,Chrysler,Concorde,2000,WBADW3C55BE772571
137,GMC,2500,1999,JTDKN3DU8F0539886
138,BMW,6 Series,2007,KMHHT6KDXAU945086
139,Lotus,Esprit,1991,5N1AL0MM5DC250116
140,Toyota,MR2,2002,1D7RV1CP1AS627406
141,Nissan,300ZX,1993,WA1LMAFE9AD754223
142,Dodge,Neon,1996,5UXZV8C58D0928450
143,Mercedes-Benz,SL-Class,2003,WAUNE78P68A637012
144,Acura,NSX,1994,1D7RV1CT8BS068239
145,Chrysler,Sebring,2008,1N6AA0EC3DN183954
146,Volkswagen,GTI,1999,1FTEW1E8XAK241625
147,Porsche,Cayman,2010,3C3CFFFH5ET985566
148,Porsche,911,2012,1C4RDHEG7DC626777
149,Lexus,ES,2008,1B3CB5HA8BD086110
150,Toyota,Highlander,2002,5BZAF0AA8EN057924
151,Panoz,Esperante,2008,3C3CFFBR9ET711639
152,Mercedes-Benz,CL-Class,1998,19UYA42733A241763
153,Ford,Taurus,2003,WAUJT58E22A763978
154,Audi,S8,2009,WBA3B3G5XDN621648
155,Mercedes-Benz,CLK-Class,2009,2T1BURHEXEC254359
156,Mercedes-Benz,R-Class,2008,1D7RW2GK5BS797691
157,Mercury,Cougar,1996,ZHWGU6AU0CL963689
158,Ford,E350,2012,NM0GE9F74F1758593
159,Hyundai,Genesis Coupe,2010,1G4HK5E90AU808937
160,Dodge,Charger,2011,5N1AA0NC6BN223195
161,Chevrolet,Astro,1999,WBAKG1C5XCJ597638
162,Dodge,Ram 3500,2009,1GYS3GEF6DR922144
163,Ford,Thunderbird,1988,4JGBF2FE4BA016877
164,Isuzu,VehiCROSS,2001,WAUMF98P66A820928
165,Volkswagen,GTI,2007,1N6AD0CW0EN203339
166,Subaru,Legacy,2007,WBAPM7G55AN936338
167,Oldsmobile,Silhouette,1999,1G6DB1ED9B0386064
168,Land Rover,LR4,2010,19UUA9F7XEA226959
169,Ferrari,430 Scuderia,2009,WBAUC73519V743854
170,Acura,NSX,1999,WBA3N5C54EK752280
171,Ferrari,458 Italia,2012,WBAKF3C55CJ980241
172,Chrysler,Town & Country,2000,1G4GA5GR4CF144550
173,Suzuki,SX4,2009,1G6KE57Y31U916798
174,Chevrolet,Monte Carlo,1996,WBAPH7C57AA526867
175,Suzuki,Reno,2008,WBAPM5C57BE342846
176,Chevrolet,Suburban 2500,1999,NM0KS9BN2CT931910
177,Jaguar,XJ Series,1997,WVGEG9BP3CD674586
178,Volkswagen,Rabbit,2009,2C4JDGAG1CR990034
179,Volkswagen,Golf,1992,2HNYD18773H173782
180,Nissan,JUKE,2011,1GD022CGXCZ781149
181,Ford,Falcon,1967,2G4WB52K211642401
182,GMC,1500,1993,3N1BC1AP9AL615901
183,Land Rover,LR3,2008,3D7JB1EK8BG808163
184,Lexus,LS,1992,1G6DL8EGXA0563039
185,Citroën,SM,1972,WBSCL93481L182756
186,Lincoln,Town Car,1999,3C3CFFAR8DT261269
187,Ford,Thunderbird,2006,WAUEKBFB5AN950330
188,Jeep,Liberty,2007,WBAFU9C55BC340849
189,McLaren,MP4-12C,2012,JHMZF1D61ES831589
190,Mercedes-Benz,R-Class,2009,JN8AS5MT7AW626549
191,Suzuki,Daewoo Lacetti,2007,JTHBS1BL4D5733580
192,Buick,Lucerne,2010,3GYFK66N45G350593
193,Audi,RS4,2007,3C4PDDBG8FT291251
194,Audi,S4,2009,2HNYD18973H391464
195,Audi,Cabriolet,1997,JTDKTUD31ED665839
196,Hyundai,Sonata,1992,2C4RDGBG1FR354932
197,GMC,Yukon,1999,1G6DK5ED8B0432104
198,Mercedes-Benz,SLK-Class,1997,5N1AA0NC4DN445091
199,Ford,Econoline E250,2002,WP0CA2A8XDS278313
200,Nissan,Leaf,2012,1FAHP2DW3AG230705
201,Toyota,Sienna,1998,3VW4T7AT8EM282674
202,MINI,Cooper Clubman,2010,WAUDG68E75A765205
203,Mazda,Protege,2000,WDDLJ6HB0FA090164
204,Studebaker,Avanti,1964,KL4CJESB9FB442725
205,GMC,Savana,2009,1G6DG577790013647
206,Suzuki,Grand Vitara,2007,SCBLC43F46C451289
207,Mazda,RX-7,1987,WAUDGAFL0EA406668
208,Mitsubishi,Chariot,1986,3VW1K7AJ5EM842736
209,Land Rover,LR3,2009,2G4WF551741015219
210,Mercedes-Benz,CL-Class,2011,SALVN2BG6FH595338
211,Porsche,Cayman,2006,WBANW5C53AC533207
212,Mitsubishi,Mirage,1993,JH4DC44571S340661
213,Dodge,Ram Van 2500,1999,WAUBFBFL3AN122261
214,Dodge,Durango,2006,1G6AE5S3XD0815793
215,Saturn,S-Series,1993,WAUPEAFM4CA560857
216,Porsche,Boxster,2005,1G4GC5EC2BF380198
217,Ford,Mustang,1987,1N6AF0LX3EN838333
218,Pontiac,Bonneville,2003,2HNYD2H63CH939519
219,Bentley,Arnage,2007,1GD220CG8CZ420757
220,Dodge,Caliber,2010,WAUKD98P69A402791
221,Buick,Park Avenue,1994,1N4AL2AP8AC853903
222,Nissan,Maxima,1996,5BZAF0AA6FN506941
223,Audi,Cabriolet,1996,5UXZV4C51CL696120
224,Infiniti,G,1992,WAUGVAFR8AA975365
225,Pontiac,Montana,2002,5GAEV23D19J466546
226,Mazda,B-Series,2009,WAUJC68E73A197274
227,Mazda,MX-5,2010,5GTMNGEE6A8120574
228,Mercedes-Benz,SL-Class,2012,1G6DH8E38E0611755
229,Toyota,Solara,2008,1N4AB7AP0DN779563
230,Toyota,Echo,2003,JA32X2HU3EU254338
231,Pontiac,Trans Sport,1996,WAUTFAFHXCN903985
232,Chevrolet,Express 1500,1998,3N1AB6AP8AL976046
233,Pontiac,Vibe,2003,WAUJC68E84A494037
234,Audi,S8,2006,3D73M4CL6AG568061
235,Porsche,Cayenne,2010,2D4RN3DG4BR050381
236,Toyota,T100 Xtra,1998,2T1BURHE7EC174193
237,Acura,TSX,2012,WAUUL78E58A080626
238,BMW,M Roadster,2008,WBABN53422J335079
239,Buick,Regal,1990,1N4AB7AP2EN065953
240,Ford,Escape,2008,WBALZ5C50CC771257
241,Dodge,Caravan,1985,1N6AA0EC5EN103345
242,Pontiac,Grand Prix,1972,SCBGT3ZA1DC732177
243,Suzuki,Esteem,2001,1FTEW1C86FK736091
244,Volkswagen,GTI,1998,WA1EV94L57D900888
245,Saturn,Astra,2008,WA1AY94L78D887486
246,Honda,Ridgeline,2011,1FTEX1CM3CF385431
247,Pontiac,Bonneville,1989,WA1CV94L29D128649
248,Land Rover,Range Rover Sport,2006,1HGCP2E34BA827568
249,Toyota,Tacoma,1995,WBAPH775X9N961557
250,Mercedes-Benz,G-Class,2010,WBA5B1C59ED371796
251,Saturn,S-Series,2000,1FAHP2D85EG006813
252,Land Rover,Range Rover,2002,5N1AA0NC8FN606674
253,Dodge,Durango,1998,3VWML7AJ7CM342195
254,Chevrolet,Lumina,1996,WBAYA8C55FG401417
255,Chevrolet,Colorado,2008,WBA3A9G52EN887236
256,Chrysler,Imperial,1926,5J8TB4H50DL913667
257,Toyota,Echo,2002,JH4CL96974C483388
258,Toyota,Tundra,2001,JH4CU2F83CC219157
259,Isuzu,Hombre,1996,WAULT68E55A684470
260,Isuzu,i-370,2008,WBSDX9C58CE757091
261,Hyundai,Sonata,1992,1FTEX1CMXBF171213
262,Chevrolet,Express 1500,2002,NM0KS6BN8AT563826
263,Honda,Accord,1984,1FTEX1CW4AF410674
264,Volvo,S60,2012,WBXPC93469W789079
265,Cadillac,SRX,2011,1G4HR54KX5U275100
266,GMC,Sierra 3500,2001,5FPYK1F29CB977825
267,Lincoln,LS,2003,3VWF17AT2FM446761
268,Porsche,911,1985,WBAWB73557P016052
269,Chevrolet,Tahoe,1999,1GD220CG0CZ754166
270,Lexus,SC,2010,1FTSW3A54AE113700
271,Audi,A8,2011,WP0AB2A88CS573767
272,Buick,Century,1992,3VWF17AT7FM785032
273,Ford,F350,2003,WBA3B3C54EF025100
274,Ford,F350,1997,1G6DC8E33E0530631
275,Honda,Accord Crosstour,2010,1FTEX1CW0AF615344
276,Honda,Fit,2012,WAUAFAFLXDA999914
277,Ford,Taurus,2001,1G6AB5S35F0093984
278,GMC,Jimmy,1992,KMHCT4AE1FU736609
279,Land Rover,Range Rover,1990,WAUNF98P56A831133
280,Pontiac,G8,2009,2C3CDZFJ9FH813948
281,GMC,Safari,1996,19UUA56913A383951
282,Toyota,Cressida,1992,2C3CA7CW6AH465905
283,Nissan,Maxima,1997,2G61V5S8XE9298644
284,Buick,LaCrosse,2010,WAUVC58E42A015962
285,Subaru,Forester,2001,WVGFF9BPXBD087887
286,Chevrolet,Monte Carlo,2004,1G4HP52K334959377
287,Jaguar,X-Type,2006,1GYS3DEF4DR712740
288,Chevrolet,Corvette,1966,SAJWA1CB3CL368820
289,BMW,3 Series,1998,WBAYM1C5XFD683134
290,Volkswagen,New Beetle,2008,1G6AL5SX0D0230455
291,Volvo,XC90,2004,KMHHT6KDXEU686475
292,Nissan,Maxima,2010,JN8AF5MR9ET451348
293,Mercury,Cougar,1984,WBAWL13588P949620
294,Toyota,Matrix,2012,JHMFA3F20BS338652
295,Buick,Century,1987,1FAHP3FN6AW716599
296,Chevrolet,Express 1500,2002,WAUJ2AFDXFN096646
297,Chrysler,Cirrus,2000,5N1AR2MM1EC137436
298,Chevrolet,HHR Panel,2006,WAUVT68E32A053169
299,Ford,F250,1999,JA4AS2AW6DU520418
300,Lexus,ES,1993,5N1AT2ML7EC782360
301,Buick,Enclave,2011,WBAGL63444D134075
302,Pontiac,Bonneville,1966,KMHTC6AD9CU364077
303,Mercury,Cougar,1989,WBA3B9C5XEP753033
304,Hyundai,Azera,2008,JTEBC3EH7D2382971
305,Audi,A6,2003,JN8AZ2KR6CT517196
306,GMC,Rally Wagon 1500,1992,2FMGK5D82FB499714
307,Honda,Civic,1995,KNDMA5C13F6714324
308,Chevrolet,Silverado 1500,2012,VNKKTUD35FA669189
309,Oldsmobile,Cutlass Cruiser,1993,SALVP2BG1EH396304
310,Ford,Mustang,1969,TRUSC28N041965619
311,MINI,Clubman,2008,SCBGT3ZA6DC620636
312,Ford,F150,1992,WP0CB2A81FS000013
313,MINI,Clubman,2009,5N1BA0ND1FN354120
314,Hummer,H1,2000,WAUBF78EX7A901927
315,Ford,F250,1996,19UUA8F22DA666283
316,Toyota,Matrix,2012,JTHBC1KS9A5194549
317,Mitsubishi,Lancer,2011,1C6RD6NT1CS109620
318,Buick,Skyhawk,1989,1G6AE5S39E0374837
319,Subaru,Impreza,2012,SAJWA0F72F8080957
320,Mazda,Protege,1998,WAUJC58E44A315857
321,Oldsmobile,Achieva,1997,5GTMNGEE7A8577524
322,Land Rover,Range Rover Sport,2011,1FAHP3HN6AW246717
323,GMC,Rally Wagon 3500,1994,3N1BC1CP5CK469860
324,Ford,F350,2006,5J8TB2H29CA178773
325,Maserati,GranSport,2006,1C6RD7JT2CS054669
326,Mitsubishi,Raider,2008,3C6TD5LT7CG715305
327,Mercedes-Benz,R-Class,2008,WAUVT58E94A715107
328,Saab,9-3,2003,3N1CN7AP6EK473407
329,Cadillac,XLR-V,2006,WAUDG74F15N609058
330,Acura,Integra,2001,WBAUN13518V064267
331,Mitsubishi,Outlander,2012,1G6DR57V580925443
332,Chrysler,Cirrus,1995,3GYFNCEY7AS005406
333,Mitsubishi,Eclipse,2006,JA32X2HU5BU912396
334,Chevrolet,Corvette,2011,WUAW2AFC0FN345717
335,Pontiac,Grand Prix,1992,WDDEJ7GB3AA538762
336,Chevrolet,Astro,1995,WAUSF78EX6A233786
337,Cadillac,Escalade EXT,2004,WDCYC3HF4AX496444
338,Mercedes-Benz,M-Class,1999,2HNYD186X1H234420
339,Mercedes-Benz,500SEC,1993,5N1AT2MLXFC572675
340,Mercedes-Benz,E-Class,1993,WAUVC68E85A698131
341,Mercedes-Benz,300SL,1992,JN1AZ4EHXAM975196
342,GMC,Sierra 1500,2005,1FTWF3D58AE261720
343,Volkswagen,Golf,2004,WBAVC73577A482626
344,Toyota,RAV4,2008,WBABS33422P129237
345,Plymouth,Breeze,1998,1G6YV36AX85439357
346,Buick,LaCrosse,2010,3VWPG3AG3AM048160
347,Chrysler,New Yorker,1992,WBAGK93461D371036
348,Lincoln,Navigator,2004,1FTSW2A5XAE512881
349,Hillman,Minx Magnificent,1950,3D73Y3HL8AG487327
350,GMC,Savana 2500,2009,3GYFNDE39ES170342
351,Pontiac,LeMans,1989,WAUCFAFR8AA044022
352,Volvo,S80,2003,19UUA65575A382052
353,Pontiac,Grand Am,2002,WAUMGBFL2AA500888
354,Chevrolet,Express 1500,2002,5FRYD4H69EB646667
355,Land Rover,Range Rover,1993,WBADW3C5XBE540676
356,Saab,9000,1999,1G6KF57983U877084
357,Ford,Ranger,1991,WBSKG9C57DE778247
358,Mercury,Capri,1994,WBAUT9C5XCA617292
359,Toyota,Paseo,1997,2G4GP5EC0B9278721
360,Honda,Odyssey,2008,WA1LFAFP4DA772291
361,Volvo,V50,2010,1FTEX1CM8BF596817
362,Plymouth,Voyager,1997,WAUHF98P29A723179
363,Toyota,Avalon,2004,WAUVT58EX5A162016
364,Lincoln,Mark VII,1992,YV440MBK0F1181429
365,GMC,3500 Club Coupe,1998,SCFEBBAC7AG174517
366,Lincoln,Town Car,1984,WAULT54B03N291374
367,Chrysler,Town & Country,1995,1G6AB5R31E0185727
368,Dodge,Ram Van 1500,2002,JN1AJ0HP0AM348493
369,Honda,Civic,2009,1G6KD54Y23U337201
370,Ford,Aerostar,1990,2G4WF521X41239220
371,Dodge,Ram Wagon B150,1992,JTJHY7AX1F4603148
372,Buick,Riviera,1986,1G6DM57T260004002
373,GMC,Sierra 1500,2004,3N1CN7AP5EK931146
374,Chevrolet,Silverado,2010,3D4PG4FB5AT815392
375,Scion,tC,2007,1GYFC53259R866243
376,Lexus,ES,1989,SCFKDCEP5EG680062
377,Buick,LeSabre,2000,KNDPB3A25D7646190
378,Chrysler,Voyager,2001,1G6AB5RX6D0120390
379,Mercury,Cougar,1989,2T1BU4EEXDC091492
380,Dodge,Caravan,2006,2HNYD18843H660866
381,Mitsubishi,Cordia,1986,KMHD35LH4FU205907
382,Scion,tC,2008,4USBT53483L515241
383,Aston Martin,V8 Vantage,2006,1N4AL2AP9CC848633
384,Jeep,Liberty,2006,1G6DJ1E32C0472358
385,Hyundai,Santa Fe,2002,WAUDV74F07N723125
386,Buick,LaCrosse,2006,WBAWL1C54AP417948
387,Audi,riolet,1997,1GT01ZCG9EF560582
388,Chevrolet,Impala,2008,1N6AD0CW4EN379150
389,Jaguar,XJ,2010,WA1AY94L69D748094
390,Mercury,Villager,1994,JN1AZ4FH6FM174321
391,Ford,E-Series,2007,JHMZE2H3XBS601912
392,Toyota,Land Cruiser,2007,1HGCP2E42AA188100
393,Chevrolet,Corvette,1968,1B3CB5HA3BD619982
394,Volvo,S60,2005,3VWF17ATXFM483976
395,Chevrolet,Tracker,2000,3VW8S7AT0FM613544
396,Dodge,D350 Club,1992,WAUEKBFB5AN420472
397,Pontiac,LeMans,1993,WAUNF78P46A133830
398,Ford,Taurus,1993,WAUMR94E79N338400
399,Lexus,LX,2011,KMHHT6KD9CU472705
400,Ford,Escort,1995,1G6AF5SX3E0670033
401,Dodge,Durango,2007,KM8JT3AF4FU875367
402,GMC,Savana 3500,2004,1FTEW1CM2CK444544
403,GMC,Yukon XL 2500,2005,WBABS33481J250386
404,Mitsubishi,Mirage,1995,KNADH4A37A6161001
405,Nissan,Maxima,1995,WAUWFAFR0AA815120
406,Dodge,Ram Van 1500,2002,WBA3B5C57EP913409
407,Isuzu,Trooper,1999,1C3CDFDH3FD673214
408,Chevrolet,1500,1997,WAUAF48H89K926665
409,Nissan,GT-R,2011,WAUXL68E74A451139
410,Chevrolet,G-Series 2500,1996,1FTWW3B56AE171047
411,Ford,Th!nk,2002,2FMDK4JC2AB207719
412,Ford,Taurus,1998,1D7RE3GK0BS006105
413,Lamborghini,Murciélago,2007,WBALM53529E889273
414,Suzuki,Reno,2006,1GYEK63N66R394516
415,BMW,X5 M,2011,3VW4T7AT0EM626093
416,Volvo,XC60,2012,SCFFDABM9EG261101
417,Ford,Taurus,1988,WAUHF98P07A654313
418,Saturn,S-Series,1996,KMHTC6ADXCU004929
419,Mitsubishi,Eclipse,1998,5NPDH4AE0DH279793
420,Volkswagen,Corrado,1993,1GKS1KE07ER548479
421,Volkswagen,riolet,1993,WAUBFAFL1CA406377
422,Acura,TL,2006,5NPDH4AE5BH215035
423,Aston Martin,V12 Vantage,2011,WAUDFBFL9AN847520
424,Pontiac,Bonneville,1968,WVWAP7AN4EE905158
425,Infiniti,QX,2006,1FTWW3DY5AE566134
426,Cadillac,DTS,2009,WAULC68E13A791416
427,Mazda,Mazda6,2011,2B3CA3CV6AH096704
428,Daewoo,Nubira,2001,2HNYD18723H690262
429,Lexus,LS,1993,SCBLC37F36C568804
430,Mercedes-Benz,SL-Class,2006,SALWR2VF4FA508623
431,Mitsubishi,Montero,2006,1G4HE57Y97U040444
432,Smart,Fortwo,2009,WVWED7AJ9CW704273
433,Bentley,Continental GTC,2007,5XXGM4A75CG908758
434,Mercury,Cougar,1967,5J6TF1H36BL727056
435,Volkswagen,Cabriolet,1996,WAUKF78E48A684778
436,Subaru,Loyale,1991,WAUVC58E95A640538
437,Kia,Optima,2012,1GYEK63N53R958426
438,Suzuki,Forenza,2008,JH4CW2H50DC298804
439,Jeep,Wrangler,1993,1G6DV5EP3A0166801
440,Ford,Taurus,1998,WAUFFAFL8EA730916
441,Toyota,Tacoma,2002,JN1CV6FE8EM956320
442,Ferrari,599 GTB Fiorano,2009,WAUBF78E36A956699
443,Audi,5000S,1988,JN8AZ2NC1C9318674
444,Audi,TT,2006,1N4CL2AP6BC151556
445,GMC,Acadia,2009,3VWJX7AJ3AM147649
446,Chevrolet,Express 2500,2001,5FPYK1F26EB548192
447,Toyota,Tercel,1994,WBAWV535X7P569081
448,Lincoln,Continental Mark VII,1985,1FTMF1E84AK306948
449,GMC,Sierra,2009,WAUCFAFHXBN731486
450,Honda,Pilot,2005,1C4AJWAG0EL015524
451,Kia,Spectra,2009,1FTWW3DY5AE244836
452,Honda,Accord,2008,1G6DW67V880349202
453,Buick,Somerset,1985,5NPDH4AE4CH513268
454,Mercedes-Benz,Sprinter,2010,JN1AZ4EHXFM135099
455,Oldsmobile,Alero,2002,WAUJC68E33A888639
456,Mazda,MPV,2001,WDDUG7JB9EA794560
457,Jeep,Grand Cherokee,2006,WAUXF98K89A964275
458,Mazda,B-Series Plus,2003,3GYEK62N05G942509
459,Audi,Q7,2009,1FT7W2A64EE554497
460,GMC,Yukon Denali,2000,JN8AZ2KR9BT138708
461,Ford,Focus,2008,WBA3B9C5XEJ722576
462,Subaru,Tribeca,2010,WBAPM5C53BE075785
463,Ford,Explorer,1994,WBAWL73508P923516
464,Lamborghini,Gallardo,2008,SCFFDCCD8CG241431
465,Kia,Spectra,2009,KNAGM4A76B5586597
466,GMC,Yukon,2008,WAUML54B44N819570
467,Acura,TSX,2006,WAUSH74F08N073258
468,BMW,5 Series,2012,137ZA90391E010536
469,Aston Martin,DB9,2009,WBANB33565B010209
470,Chevrolet,Monte Carlo,2002,WA1LMAFE4FD075788
471,Volkswagen,Passat,1995,WA1WGAFP8DA997291
472,Buick,LeSabre,2000,WAUEH94F97N132556
473,Dodge,Intrepid,1997,5N1AA0NC9EN246281
474,Toyota,Sequoia,2007,WBABS53422E034541
475,Chevrolet,Corvette,1969,WAULF78KX9A333319
476,Land Rover,Range Rover,1994,WBADT43453G356371
477,Cadillac,Escalade,2000,SAJWA4EC7FM311039
478,Mercury,Milan,2009,SCFEDCAD9CG496975
479,Lexus,LX,2008,JH4CL969X7C627536
480,Chrysler,Cirrus,2000,WBA3B1C5XEF812637
481,Pontiac,G6,2010,1GYS3BEFXDR911408
482,Volvo,V70,2008,5FPYK1F20DB516207
483,Eagle,Summit,1994,TRUWC28N121534821
484,Mazda,Mazda6,2004,2C3CCAGG4CH296027
485,Volvo,S60,2010,3VW517AT8EM086230
486,Eagle,Summit,1993,WBAKX8C53CC221196
487,Mercedes-Benz,CL-Class,2003,5TDBY5G11FS658509
488,GMC,Sierra 1500,2007,WBSDE93422B981485
489,Nissan,Sentra,2007,5N1AA0ND4EN365445
490,Dodge,Spirit,1995,TRURD38J991091521
491,Chevrolet,Silverado,1999,WA1DGBFE9CD303779
492,Mazda,B-Series Plus,2002,1G4HR54K91U453489
493,Chevrolet,Cobalt,2005,2T1KE4EEXBC780765
494,Hummer,H1,2006,1FTWW3B51AE044738
495,Saturn,Aura,2009,3C63DRBL4CG932190
496,Chevrolet,Express,2006,3GYFNDE33CS061064
497,Chevrolet,Impala,2010,SALFR2BG7DH794260
498,Saturn,Outlook,2008,JN8AF5MR3BT584067
499,Mazda,Mazda6,2010,5FRYD4H97GB560321
500,Volkswagen,Golf,1992,JTHHP5BC4F5245090
501,Mazda,Protege,1999,SCFEDCAD9AG380558
502,Volkswagen,Jetta,1993,3GTU2YEJ4DG273598
503,Jeep,Liberty,2002,1B3AZ6JZ8AV113176
504,GMC,Savana 2500,2005,1GYFC53249R412291
505,BMW,M3,2012,1D7RV1GT7BS922941
506,Ford,Explorer Sport Trac,2001,WUAYU48H08K426007
507,Mazda,MX-6,1997,4T1BF3EK6BU814857
508,Toyota,MR2,1987,WDDGF4HB3DA348035
509,Mitsubishi,Montero Sport,1998,5J6TF1H37EL346630
510,GMC,Envoy,2003,WUADU98E78N796631
511,Toyota,Sienna,2009,SCFEDCAD1AG549620
512,Maybach,57,2010,3VWML7AJXBM985817
513,Nissan,Maxima,1997,KMHHT6KJ3FU610006
514,Cadillac,Escalade EXT,2004,WBA3A5G51DN004749
515,Daewoo,Lanos,2001,WBA1J7C54EV631228
516,Jaguar,XF,2010,JM1DE1KY3C0969503
517,Ford,ZX2,2002,1C3CCBCG6DN488411
518,Mitsubishi,Montero,2005,WBABS53442E432530
519,Suzuki,XL-7,2007,WAUA2AFD8DN231524
520,Lamborghini,Diablo,2000,WAUVT64B12N729686
521,Infiniti,G,2007,SCFEBBCF7BG188264
522,Nissan,Maxima,2011,19XFB2E29CE505198
523,Pontiac,G8,2008,WDDHF7GB5EA236958
524,Mazda,Mazda6,2012,1FTEW1CM7CK610203
525,Chrysler,Aspen,2009,JN8AE2KP3F9061542
526,Cadillac,Escalade ESV,2003,5N1AR2MM3EC553956
527,Plymouth,Voyager,1993,SCFAB01A58G919308
528,Audi,S6,2003,WBAXH5C53CC639095
529,Saab,9-5,2001,4JGBB9FB3AA078697
530,Ford,E-Series,1994,JTHBE1BL0FA749020
531,Subaru,Outback Sport,2002,5UXFE835X8L906618
532,Jeep,Commander,2007,1C3CDFEB5ED974902
533,Pontiac,Sunfire,1995,WA1CGAFE8DD172173
534,GMC,Savana 1500,2001,WDCGG0EBXDG485131
535,GMC,Yukon,2000,JN8AE2KP5F9498006
536,Honda,Odyssey,2007,JH4KA96652C607923
537,Chrysler,Sebring,1995,WAUKG98E76A318108
538,MINI,Cooper Clubman,2010,WAUFFAFLXFA577330
539,Pontiac,Sunbird,1987,5GALVCED3AJ853579
540,Chevrolet,Silverado 1500,2010,3GYFNEE38ES220296
541,Ford,E-Series,2006,1NXBU4EEXAZ851432
542,Pontiac,Sunfire,1998,JN1CV6EK1AM238030
543,Isuzu,Rodeo,1997,3N1AB7AP3FL099060
544,BMW,760,2005,1GYS3HEF8BR278326
545,GMC,Savana 2500,1996,5FRYD3H40FB437859
546,Pontiac,Vibe,2005,WAUWFBFL2AA205804
547,BMW,1 Series,2010,WAUEH48H28K598105
548,Ford,F150,1998,1B3CB1HA4AD028258
549,Chevrolet,2500,1996,3VWKX7AJ4AM272924
550,Chevrolet,Lumina APV,1993,JN1AV7APXFM385436
551,Saturn,Sky,2008,1G6AC1R37F0465384
552,Volkswagen,Jetta,1996,WBAEW53415P332072
553,Audi,S6,2010,1D7CW5GK6AS677078
554,BMW,5 Series,2003,5GADT13S062171258
555,Mitsubishi,Mirage,2000,5J8TB18258A668998
556,Isuzu,Hombre,1999,WAURVAFA9AN514400
557,Suzuki,Kizashi,2011,WAUFFAFL8FN782024
558,Suzuki,Sidekick,1990,WAUWFAFL1AA493017
559,Buick,LeSabre,1996,WBAFU7C53BC160032
560,Porsche,Boxster,2013,5LMJJ2H57AE067284
561,Honda,Odyssey,2011,1FTMF1CW1AF966486
562,Mitsubishi,Chariot,1992,2FMDK3AK4CB158611
563,MINI,Cooper Clubman,2011,5J8TB4H52EL975766
564,Chevrolet,Lumina APV,1992,1G6DJ577490685554
565,GMC,Sierra 1500,2005,WAUHE78PX9A719422
566,Honda,Accord,2007,5TDBKRFH6ES898970
567,Chevrolet,Silverado 3500,2006,3D7JV1EP1AG367171
568,Lotus,Esprit,1991,2T1BPRHE1EC997452
569,Mitsubishi,Starion,1985,1G6DP577260995874
570,Chevrolet,Caprice Classic,1993,WAUEV94FX7N125205
571,Saab,9000,1999,JTHBE1BL4D5266264
572,Jaguar,XK Series,2004,WA1VMAFE6AD494453
573,Chevrolet,Colorado,2006,2C3CCAKT4CH208355
574,Kia,Soul,2010,SCFEBBBK7EG374082
575,Lotus,Elise,2007,WBAKX8C56CC524604
576,Volvo,V50,2007,1FTEX1CM6DF785842
577,Mercury,Mariner,2010,2B3CJ7DW2AH108359
578,Nissan,Altima,2008,WBA3B5C51FP229702
579,Lincoln,Continental Mark VII,1985,WDDNG9FB6CA297987
580,Scion,tC,2006,WAUGGBFC6CN920940
581,Oldsmobile,Silhouette,2003,3GYT4NEF6BG254154
582,Chevrolet,Beretta,1993,WBA3B5G58EN985354
583,Lincoln,Navigator,2003,1FT7W2A62EE131577
584,Mazda,RX-7,1983,1B3BD4FB3BN877280
585,Ford,F-Series,2003,1N6AF0LY4EN201153
586,Toyota,Highlander,2006,1GYEC63848R353876
587,Volvo,S80,1999,1G6AA5RA6D0394722
588,Daewoo,Lanos,2001,WAUML44E56N309638
589,Porsche,928,1989,2C3CA6CT2BH696270
590,Saab,900,1985,3C3CFFAR4ET912852
591,Geo,Prizm,1995,WAURGAFD0EN411084
592,Mercedes-Benz,C-Class,1995,1GD020CG3BF897619
593,Infiniti,G35,2003,1GD422CG3EF055543
594,Volkswagen,Passat,2000,19XFA1E8XBE898550
595,Ford,Ranger,1984,JTHBL1EF2E5113380
596,Mazda,B-Series,1992,1G6AF5SXXE0249975
597,MINI,Cooper,2008,2HNYB1H27AH415185
598,Ford,Aerostar,1986,WA1DVBFE6AD478946
599,Infiniti,Q,1992,KNDJT2A53D7795267
600,Volkswagen,Eurovan,2003,1GYS3AEF0BR050800
601,Nissan,Titan,2008,2C3CCAJT9CH393651
602,Lotus,Esprit,1986,1GYS3EEJ4BR662560
603,Lexus,RX Hybrid,2007,JN8AE2KP8C9196799
604,Pontiac,6000,1985,JHMZF1D46CS108722
605,Ford,Aerostar,1995,JM3KE2BE1D0579804
606,Cadillac,Eldorado,1999,1FMJK1F50DE924303
607,Toyota,Previa,1995,TRUUT28N921573356
608,GMC,3500 Club Coupe,1996,1VWAH7A33EC264511
609,Mercedes-Benz,C-Class,2012,WAUBF78E98A986566
610,Suzuki,Grand Vitara,2003,2G4WB52K931056409
611,GMC,Safari,2001,JTJHY7AX7D4756422
612,Lincoln,MKS,2009,5UXFG43569L194385
613,GMC,Sonoma,1994,3D4PG9FG2BT176950
614,Jaguar,XK Series,2004,JM1DE1HY1B0913842
615,GMC,Savana 3500,1999,WAUMFAFL3AN963001
616,Chevrolet,Cavalier,2004,2T1BU4EE4BC820700
617,Ford,F150,2009,SCBGH3ZA7FC617474
618,Mitsubishi,Mighty Max Macro,1992,5FNYF3H31FB287358
619,Mazda,626,1989,WBANF33577B124789
620,Land Rover,Defender,1995,JH4NA21683T278227
621,Porsche,911,2009,WVGAV7AX3AW998049
622,GMC,Savana 3500,2012,1FTKR1AD1AP947981
623,Infiniti,G,2000,WBA3A9C59EK864415
624,Chevrolet,S10 Blazer,1993,JTHDU1EF6E5287281
625,Volkswagen,Jetta,1991,1N4AB7AP0EN325055
626,Ford,Ranger,2008,JN8AS5MT4AW873012
627,Volkswagen,Passat,1997,1FTMF1EW7AF924269
628,Audi,S5,2012,WBAYP1C56DD740479
629,Ford,F250,1997,5GAKVDED4CJ823009
630,Buick,Skylark,1997,5J6YH1H33AL538721
631,Toyota,Matrix,2007,WA1DMAFP2EA257902
632,Pontiac,Monterey,2005,1LNHL9DR8AG312305
633,Pontiac,Bonneville,2005,WAUMF78P46A698803
634,Rambler,Classic,1963,WAUDF78EX7A348429
635,Subaru,Legacy,2011,3C3CFFJH2ET165016
636,Hillman,Minx Magnificent,1950,4T1BK1EBXEU823596
637,Pontiac,Vibe,2008,JN8AS1MU4BM050661
638,Lexus,GS,2013,KL4CJCSB8EB919518
639,Kia,Sedona,2011,1GYS4DEF3DR908682
640,Oldsmobile,98,1993,1G6DG8E53C0425316
641,Chevrolet,Volt,2011,5N1AA0NE2EN228691
642,Suzuki,Aerio,2003,WBA6B4C55FD815859
643,Chevrolet,Silverado 3500,2007,KMHTC6AD3DU568410
644,Mazda,626,1990,WA1DGAFE7FD155159
645,Ford,E150,2011,WBASN4C50BC958806
646,Porsche,944,1990,1FADP5AU3FL175349
647,Mazda,929,1990,1G6DJ1E37C0993169
648,Chevrolet,Caprice,1977,4USBT33474L287528
649,Cadillac,DeVille,1998,1GYS4DEF6CR213594
650,Lamborghini,Gallardo,2004,1G6DL1E39C0564500
651,Nissan,Sentra,2005,JN1AZ4EH5FM394616
652,Lincoln,Town Car,2009,YV1672MS1B2497901
653,Chrysler,Aspen,2007,2G4GK5EX3E9542312
654,Fillmore,Fillmore,1960,3TMJU4GN0AM952657
655,Lincoln,Navigator,2008,1GYS3GEF6CR985713
656,Mazda,Mazda6 5-Door,2006,KL4CJESB0DB895418
657,Mitsubishi,Lancer,2007,JHMZF1C64DS668324
658,Porsche,Boxster,2013,WP0AB2A92AS081662
659,Mitsubishi,Galant,2003,1GYS3MKJ1FR407160
660,Mazda,MX-5,2011,5TFBW5F1XAX526360
661,Toyota,Land Cruiser,2013,WBAGL63482D323731
662,Mitsubishi,RVR,1994,1GD11ZCG1DF674915
663,Volkswagen,rio,1999,1D7RE3GK9BS013084
664,Jaguar,XJ,2012,JH4KB16367C860809
665,Volkswagen,Cabriolet,2001,JTEBU4BFXEK230755
666,GMC,Canyon,2011,2G4GT5GR7C9246377
667,GMC,3500,1998,WBAUU33549A994364
668,Oldsmobile,Intrigue,2000,WBAYF8C54ED802247
669,Toyota,Camry,2001,WDDHF8JB7DA033292
670,Mercedes-Benz,SL-Class,1994,WBABV13485J584189
671,GMC,Safari,1996,1N6AA0CA7EN791298
672,Land Rover,Range Rover,1996,YV1902AH7B1424287
673,Toyota,Celica,1983,1FMJK1F53AE357175
674,Dodge,Ram 1500,2009,19UUA65585A918572
675,Audi,A8,2003,1D4RD4GG1BC705531
676,Audi,A8,2002,SCFFDAAEXCG380010
677,Acura,RDX,2009,WAUDF48H97A636368
678,Land Rover,Defender 90,1994,JN1CV6EKXBM520961
679,Chevrolet,Avalanche 1500,2006,WAU4GAFB1AN666068
680,Honda,Civic Si,2005,1N6AA0EK9FN085294
681,Ford,Mustang,1965,JN1CV6EK4CM622371
682,Nissan,Sentra,2001,WBA3C1C55FP779930
683,Subaru,Impreza WRX,2010,JTHBW1GG8E1060818
684,Dodge,Ram Van B350,1993,5TDBY5G15BS079727
685,Kia,Sephia,1996,WAUYGAFC5DN388208
686,GMC,3500,1994,KNAGM4AD2E5647163
687,Lincoln,Mark VIII,1994,WBAKF3C55CJ573374
688,Toyota,RAV4,2012,1FMJK1H59DE726560
689,Chrysler,Town & Country,2008,1FMJK1H52CE994798
690,Buick,Skyhawk,1985,3C6TD4HT6CG583172
691,Buick,Electra,1984,JTHBP5C25D5161482
692,Jeep,Wrangler,1999,JTDZN3EU0EJ288612
693,Lincoln,Town Car,2004,WAUYGBFC8CN893440
694,BMW,X5,2011,5NPDH4AE9EH605902
695,Ford,Mustang,1999,WA1EV74L38D493465
696,Suzuki,Sidekick,1991,WBAFR7C52DD571789
697,Ford,Mustang,1979,WBAUU3C54AA168568
698,Chevrolet,Sportvan G10,1993,3GYVKMEF9AG781841
699,Audi,A5,2012,5J8TB4H50GL454984
700,Volkswagen,Golf,1989,4T1BF1FK0FU874660
701,Volkswagen,Golf,1990,5FNYF3H35FB269039
702,Volkswagen,Golf,2006,5N1AR1NB3BC523648
703,Chevrolet,Suburban 2500,2003,19UUA8F50DA621742
704,Geo,Prizm,1995,WAUWFBFL2CA189333
705,Nissan,Versa,2009,TRUDD38J791468583
706,GMC,Sierra Hybrid,2006,JTDKDTB38E1202026
707,Cadillac,Seville,1993,JTHKD5BH5F2237608
708,GMC,Yukon,2006,1GKUCHE02AR657576
709,Volvo,S60,2011,1FMJU1F51AE460198
710,Hyundai,Elantra,1994,1GYFK33239R351880
711,Lincoln,Navigator,2010,1N4AL3AP0EC176941
712,BMW,Z4 M,2007,WAUDF98E58A588923
713,Chevrolet,TrailBlazer,2005,1C4AJWAG0FL460931
714,GMC,Rally Wagon 2500,1994,4T1BK3DB9CU728618
715,Buick,Skylark,1993,1N6AA0CA4EN742284
716,Isuzu,Amigo,1994,WA1WKBFP0AA614668
717,Pontiac,Grand Prix,1985,1FMCU0E75AK490439
718,Audi,Q7,2011,WVGFF9BPXBD511021
719,Audi,Coupe Quattro,1991,JH4KB2F60CC601033
720,Chevrolet,Cobalt,2010,WAUCFAFHXCN346446
721,Mercedes-Benz,S-Class,2009,WP0AB2A9XAS852708
722,Toyota,Land Cruiser,1996,WAUMGBFL3DA971100
723,Dodge,Dakota,2000,3GYFNEE35ES040032
724,Oldsmobile,Achieva,1992,JM3TB2MA9A0506733
725,Hyundai,Excel,1994,WBAVM1C55EV713376
726,Nissan,Titan,2007,1G6AB5S39D0812473
727,Maserati,Quattroporte,2011,1G6DM8ED5B0631526
728,Volkswagen,Eurovan,1999,1GKS2FFJ8BR489448
729,Lotus,Esprit,1990,WAUKG98E06A845164
730,Eagle,Summit,1992,JN1AZ4EH6AM245236
731,Toyota,RAV4,2004,WAUJC58E72A375127
732,Ford,F-Series Super Duty,2010,1D7CE3GK4AS986300
733,Hyundai,Accent,2011,1N4AB7AP5DN365761
734,Toyota,Yaris,2011,1G6DV8EP1E0166268
735,Maserati,Karif,1989,1C4RDJEGXFC416569
736,Chevrolet,Cavalier,1995,5J6YH1H34AL423576
737,Pontiac,Firebird,1985,WUARU78E57N488236
738,Mitsubishi,Chariot,1990,SCFEBBBK3BG478306
739,Mercury,Cougar,2000,19VDE3F79EE949742
740,Suzuki,Swift,2005,5N1AT2ML3FC295125
741,Subaru,Legacy,2003,5FPYK1F2XDB449793
742,Lexus,LX,2000,4T1BD1EB3DU995686
743,Subaru,Leone,1989,1FTWX3D52AE433687
744,Audi,TT,2008,1FMJU2A50AE341426
745,Dodge,Ram 3500,2007,1N6AD0CW3EN880546
746,BMW,5 Series,1994,WAUNF78P67A978356
747,Buick,Park Avenue,2001,1GT020CG3EF616606
748,Infiniti,G35,2004,1G6DH5EG2A0038265
749,BMW,745,2002,WBAEN33405P196363
750,GMC,Vandura G3500,1995,5N1AT2MK6EC497950
751,Ford,F250,2002,3N1CN7AP7EL924161
752,Oldsmobile,Ciera,1992,3C63DRJL3CG417022
753,Lincoln,LS,2006,WAUPL68E55A102174
754,Land Rover,Discovery,2006,WBXPA73495W241842
755,Jeep,Grand Cherokee,2003,WAUHGBFC7EN197865
756,Maserati,228,1989,3N1CN7AP3DL848548
757,Lexus,RX,2009,WBAYB6C55ED400544
758,Lincoln,Town Car,1993,1VWAP7A31EC143334
759,Maserati,Quattroporte,2009,WAUPN44E57N114213
760,Mercedes-Benz,G-Class,2002,JTHBF5C25D5812256
761,Aston Martin,Vantage,2006,3VW4A7AT1CM191958
762,Dodge,Ram 1500,2005,1G4GB5GR4EF365551
763,Chevrolet,S10,1999,1FTMF1EW1AK809609
764,Acura,TL,2006,JN1AZ4EH5AM055444
765,Toyota,Land Cruiser,1994,1G4PN5SK8C4312510
766,Kia,Sedona,2008,WBA3X5C55FD583600
767,Hyundai,Elantra,2005,1N6AF0KY2EN063582
768,Hyundai,Sonata,1996,WAUDF98EX8A852301
769,Chevrolet,3500,1997,5N1AA0ND1FN883871
770,Kia,Rio,2003,1C3CCBAB4CN377202
771,Mitsubishi,Outlander Sport,2011,5N1AA0NC3DN645007
772,Cadillac,XLR,2006,WAUMF98K99N285708
773,Acura,Integra,1999,KNAFT4A22C5338884
774,Jeep,Cherokee,1996,1N6AA0CA6EN862636
775,Buick,Regal,1986,1G4GC5GR9DF098340
776,Suzuki,Forenza,2008,5UMBT93566L499093
777,GMC,Terrain,2010,WBAAZ33424K548731
778,BMW,8 Series,1993,1D4PT4GK2AW409574
779,Hyundai,Elantra,2011,1G6AH5SX6E0397681
780,Mazda,Protege,1996,5N1AN0NU4FN000320
781,Subaru,Impreza,2007,KM8JT3ABXCU024957
782,Infiniti,I,2004,1D7RB1GKXAS125081
783,Geo,Tracker,1993,WAUMV94E99N690681
784,Lexus,CT,2011,WA1WMBFE3CD862715
785,Chevrolet,Suburban 1500,2002,1G4GE5G33EF299030
786,Chevrolet,Camaro,1970,WA1LMBFE2AD906932
787,Volvo,S80,1999,1FTEX1CM6BF137902
788,Dodge,Viper RT/10,1995,WAUHFAFL9CN741728
789,Mazda,Miata MX-5,2000,WA1LGAFEXCD328938
790,Chrysler,Cirrus,1999,1B3CB5HA4BD225715
791,Volkswagen,Scirocco,1985,WAUMFBFL1BN526900
792,Toyota,Camry,1993,TRUVD38J791966917
793,Jeep,Wrangler,1999,W04GV5EV6B1039975
794,Ford,Fusion,2008,WBAKB8C53AC030941
795,Ford,F250,2008,WAUEFAFL8CA469893
796,Mercedes-Benz,SL-Class,1997,1FMCU4K35BK275119
797,Saab,9-5,2010,WP0AA2A92BS507158
798,Infiniti,EX,2012,WVWED7AJ3BW201353
799,Mitsubishi,L300,1988,WAULD54B63N996032
800,Chevrolet,Impala,1994,1N6AA0CHXDN475468
801,Cadillac,Eldorado,2001,1GYS4RKJ8FR049937
802,Toyota,Camry,2010,WAUDGAFL3AA073344
803,Geo,Tracker,1996,WBAWC73539E998871
804,Mercury,Mariner,2007,1G6KD57Y66U326413
805,BMW,3 Series,1995,WAUFFAFM5CA398195
806,GMC,Yukon XL 1500,2012,19UUA9F78EA322931
807,Nissan,Sentra,1998,1N6AD0CW4FN923888
808,Nissan,Cube,2009,WDDHF2EB3DA289162
809,Audi,S6,2003,KNALN4D76E5351953
810,Volkswagen,Passat,2000,JH4KB16358C051223
811,Mercury,Villager,1998,3D7TT2CT9BG437053
812,Volkswagen,Eurovan,1992,JN8AZ2KR2AT347304
813,Toyota,Tacoma,2012,3VW117AU1FM291557
814,Mazda,626,1991,WAUSF78K89A788522
815,Acura,RSX,2006,WBAGG83401D617154
816,Oldsmobile,98,1995,WUADU98E08N229497
817,Mercedes-Benz,E-Class,2010,WP1AA2A2XDL550772
818,Mercedes-Benz,E-Class,2003,1GKUCKE06AR457927
819,Mercury,Sable,1990,WBSDX9C5XCE859945
820,Mercedes-Benz,SLK-Class,2008,WBA3A9C58FF106494
821,Audi,A8,1998,WA1YD54B12N324039
822,GMC,Yukon XL 1500,2001,19XFA1E57BE931350
823,Dodge,Avenger,1995,3VWJX7AJ9AM130936
824,BMW,Z8,2002,WAULFAFR8AA920930
825,Kia,Rio,2006,WAUFGBFC0EN211645
826,Mercedes-Benz,300SE,1992,3D73M4HL8BG350519
827,Chevrolet,Venture,1999,WAU2GBFC4DN705164
828,Shelby,GT500,1968,5TDBK3EH7DS141797
829,Infiniti,G35,2007,3C3CFFHH2ET244921
830,Maserati,228,1990,2T1BURHE7FC149117
831,Pontiac,Bonneville,1989,2C4RDGDG7FR664239
832,Mazda,MX-6,1995,1G6AA1RX6F0593527
833,Subaru,Impreza,2006,1N6AF0KX5EN902163
834,Buick,Skylark,1993,JTHBE1KS7B0879724
835,Chevrolet,Suburban 1500,2004,WBA3C3C58EK258868
836,Chevrolet,S10,2004,JTJBM7FX3B5785210
837,Ford,Explorer,1995,SCBGU3ZA9EC058245
838,Ford,Ranger,1987,JM3ER2A58C0436415
839,Lotus,Esprit,1999,WBADS33493G841870
840,Chevrolet,Blazer,2004,2T1BU4EE1DC293086
841,GMC,Safari,1994,1GKS2GEJ9CR105945
842,Buick,LeSabre,1994,5TDBK3EH9DS050109
843,Toyota,Camry,2009,WBAGN63515D086457
844,Dodge,Durango,2012,KNALU4D45F6074264
845,Plymouth,Neon,1997,1D7RV1CT3AS831556
846,Land Rover,Range Rover,2007,WAUBNAFB1AN603162
847,Chevrolet,Express 2500,2009,WAUFGBFC0DN209585
848,GMC,Yukon XL 2500,2003,1G6DJ1E3XC0343302
849,Nissan,Quest,1997,WAUDL94F35N642232
850,Chevrolet,Astro,1994,JTDKDTB34D1359566
851,GMC,2500 Club Coupe,1995,WA1LMAFE9FD938813
852,Smart,Fortwo,2012,WAULC58E53A164244
853,Geo,Metro,1997,JA32X2HU8EU487258
854,Ford,Freestar,2006,WBAWR33557P456924
855,Volkswagen,Passat,1991,1G6YX36D185074054
856,GMC,Suburban 2500,1992,5GADT13S262739509
857,Audi,A7,2012,ZHWGU5BR0EL788643
858,Acura,MDX,2011,1GT3C0BG2AF984569
859,Toyota,Solara,2008,JN8AS5MT4CW386346
860,Mazda,Tribute,2009,NM0AE8F74E1971221
861,Maybach,57,2008,5TFBM5F1XAX416835
862,Mercury,Grand Marquis,2009,WBA3B9G53FN528735
863,Pontiac,Vibe,2005,WBAYE8C54FD155238
864,Ferrari,612 Scaglietti,2007,WAUDH98EX6A170252
865,Maybach,62,2008,WAUFFAFLXCN019949
866,BMW,645,2004,3C3CFFCR4DT930974
867,Toyota,Yaris,2006,1GT3CZBG4AF841594
868,Lexus,LS,1995,1G4HP54K81U782870
869,Hyundai,Azera,2010,WBAVC53538A397806
870,Mercury,Grand Marquis,2009,2LMDJ6JC7AB560589
871,Ferrari,458 Italia,2012,5N1AT2MK3FC723363
872,Maserati,Spyder,1991,WBA5B1C50FD642973
873,Volkswagen,New Beetle,2001,JN1CV6FE4FM001371
874,Pontiac,Solstice,2007,1FMEU6DE0AU601690
875,Ford,F-Series,2007,1G6AG5RX5D0079655
876,Mercedes-Benz,600SEL,1992,3C63D3JL2CG567443
877,Dodge,Ram Van 2500,2001,1G4PS5SK1C4171966
878,GMC,Jimmy,2001,WBAYF4C5XED880492
879,Nissan,Frontier,2004,WAU3GAFR1DA437734
880,Chevrolet,Silverado,2009,3C3CFFDR1FT188034
881,GMC,Vandura 2500,1993,5NPE24AF7FH452968
882,Mercedes-Benz,S-Class,1993,1G6AE5SX0D0890389
883,Lamborghini,Gallardo,2010,WA1KK78R49A044602
884,GMC,Savana 2500,2012,1GYS3HEF0ER655445
885,Chevrolet,Cavalier,1993,WA1GFCFS3FR607984
886,Ford,Flex,2013,5UXFB33503L977217
887,Chevrolet,Colorado,2010,1FTEW1C81AK469256
888,Lexus,LS,2007,5UXZV4C59D0363361
889,Mitsubishi,Lancer,2007,1D7RV1CPXBS477345
890,Chevrolet,HHR,2011,5GNRNGEE2A8343465
891,Mercedes-Benz,CL-Class,2011,WAUWFBFL3AA202247
892,Chevrolet,Silverado 1500,2005,WAUKF98E48A826414
893,Toyota,Prius,2002,YV4940BZ2E1848550
894,Bentley,Continental GTC,2009,2T1BU4EE7DC150904
895,BMW,M5,1992,3GYFNDE38FS430795
896,Saab,9-5,2008,1G6DD1E34E0143378
897,Saturn,Relay,2006,1FTMF1EW9AF575499
898,Mitsubishi,Galant,1988,JH4CU25629C203329
899,Buick,Rendezvous,2004,5UMCL93472L938033
900,Chevrolet,1500,1995,WBAEP33425P717755
901,Oldsmobile,Custom Cruiser,1992,1FTEW1CM8EF428487
902,Chevrolet,Silverado Hybrid,2006,JN1CV6EK9BM570072
903,Dodge,Ram 3500,1996,3D73Y3HL8AG113820
904,BMW,3 Series,2010,1G6AA5RX4F0886950
905,Mitsubishi,Diamante,1997,1G6AK5S30F0466848
906,Ford,Taurus,1993,1GD02ZCGXEF502568
907,Bentley,Continental Super,2010,1G6DL8E35D0509648
908,Scion,xA,2004,WUADU98E98N718996
909,Chevrolet,Silverado 2500,2008,WAUTFAFH2CN079481
910,GMC,Yukon XL 1500,2007,WP0AA2A85AU876140
911,Chevrolet,Astro,1998,KNDPB3AC1E7974622
912,Toyota,Sienna,2010,4A31K5DF6AE309239
913,Chevrolet,Camaro,1979,2T1KE4EE8CC482717
914,Chrysler,300,2008,WAUEG78E46A071485
915,Saab,9-7X,2006,5FRYD3H25GB564770
916,Dodge,Ram 2500 Club,1999,WA1VFAFL3EA502346
917,Subaru,Tribeca,2008,3MZBM1K78EM763544
918,Chevrolet,Express 1500,1996,19VDE1F30DE375175
919,Chevrolet,Corvette,1954,WAUWFAFL4AA534790
920,Porsche,944,1987,JH4CU2F42DC063675
921,Subaru,Justy,1987,WAUDV74F17N151899
922,BMW,M6,2006,1FTNF2A51AE755248
923,Ford,E250,2008,1J4AA2D17AL457513
924,Mercedes-Benz,500E,1993,SAJWA2GZ4E8996310
925,Lotus,Evora,2012,KMHHT6KD9CU729121
926,Volkswagen,Touareg,2009,JH4CU2F64BC077625
927,Audi,RS 6,2003,3C63D3HLXCG319852
928,Lincoln,LS,2005,JN8AZ1MU2DW960781
929,Audi,S8,2003,WAUVC58E55A235132
930,Nissan,Quest,2007,SCFAB01A28G682552
931,Scion,xB,2004,JTHBK1GG9E2412374
932,Toyota,Camry,1992,5XYZG3AB2BG534019
933,Chevrolet,Lumina,1998,1N6AD0CW1EN904178
934,Honda,Civic,1995,WAUFGBFB2AN349169
935,Mitsubishi,Challenger,1998,WBAGN83434D049489
936,Porsche,944,1986,WA1CMAFE0CD271500
937,Cadillac,CTS,2007,1G6AJ5SX2E0774477
938,Dodge,Nitro,2010,2G4GT5GC3B9934614
939,Ford,F150,2000,WBA3X5C53FD895298
940,Acura,TL,1998,WBAFZ9C53DC299710
941,Suzuki,Esteem,2000,WAUGFAFCXEN835700
942,Saturn,VUE,2010,SALFP2BN1AH979386
943,Ford,Mustang,1967,WAU4GAFB4BN684999
944,Studebaker,Avanti,1961,1G6DR57VX80460710
945,Chevrolet,Silverado 1500,2006,JA32U2FU1FU508724
946,Lotus,Esprit,1987,YV1382MW9A2061492
947,Volkswagen,Passat,2006,3N1CE2CP1FL247934
948,Mazda,MX-5,2004,WA1LMBFE3BD808901
949,BMW,Z4,2004,1G6DA1E37C0550939
950,BMW,M Roadster,2006,JN1AZ4EH5DM866116
951,Pontiac,Bonneville,1999,WAUGN74F87N352163
952,Dodge,Neon,1995,1GYS4AEFXBR571178
953,Mazda,B2600,1987,1G4PT5SV4E4236254
954,Chevrolet,Sportvan G20,1992,2T2BK1BA1BC204938
955,Oldsmobile,Toronado,1966,1YVHZ8BA5A5644525
956,Pontiac,Sunbird,1990,3VWJP7AT8CM956651
957,Mitsubishi,Chariot,1991,KNAFT4A24A5724560
958,GMC,Vandura 3500,1992,WAUDL94F26N734398
959,BMW,525,2002,WBAYA8C56FG344144
960,Volkswagen,CC,2011,3GYFK62897G473406
961,Audi,80,1992,3C4PDDDG8FT763820
962,Land Rover,Range Rover Sport,2008,1GYFK26239R704544
963,Buick,LaCrosse,2005,1N6AA0EK5FN563372
964,Mercury,Monterey,2007,WAUNF78P48A927441
965,Ford,E350,2006,5N1AA0NCXAN995441
966,Volkswagen,Rabbit,2010,WAUSH74F67N370422
967,BMW,1 Series,2010,WAUSH74F98N257730
968,Mitsubishi,Pajero,1996,JTDKN3DP0D3403113
969,Ford,Expedition,2003,WBSBL93482J260123
970,Chevrolet,Suburban,2008,19XFA1E3XBE662940
971,Cadillac,XLR-V,2007,WBA3K5C56FK042713
972,Toyota,Camry Solara,2006,WDDHF5KB2EA595308
973,Pontiac,6000,1990,WAUNG74F59N635253
974,Volvo,S80,2012,WAU2GAFC5DN268690
975,Kia,Sportage,1995,3D73Y3HL1BG098482
976,Toyota,Celica,1993,WBAYE8C56FD836923
977,Jeep,Grand Cherokee,1994,WAUVC68E52A264924
978,Ford,Econoline E150,2002,WBAKE5C51DJ367646
979,Mercury,Cougar,1984,WBA3T3C52F5906723
980,Lotus,Exige,2009,NM0KS9BN7DT845851
981,Toyota,Highlander,2009,2C3CCABG7FH950949
982,Acura,RL,2007,WAUKF98EX6A042073
983,Oldsmobile,88,1995,WAUEFAFL9EN857419
984,Kia,Rio,2001,JH4DC53076S227442
985,Buick,Reatta,1990,WAUKFAFL1EN561586
986,Land Rover,Range Rover,2004,WBABW53466P651892
987,Jeep,Cherokee,1994,WA1LMAFE7CD248747
988,Volkswagen,New Beetle,2008,2C3CCAXJ9DH926394
989,GMC,1500 Club Coupe,1998,4F2CY0C70BK680701
990,Mazda,B-Series,2008,WBAUP3C58BV656942
991,Mitsubishi,Mighty Max Macro,1994,3GYFK52299G010030
992,Lincoln,Navigator L,2007,2G4GZ5GV5B9018081
993,Chevrolet,Impala,2002,WBASP4C51BC951891
994,Mercedes-Benz,W201,1984,WAUEFAFL7EN395829
995,Ford,Mustang,1987,5LMJJ2JTXFE872373
996,Mazda,CX-9,2009,3GTU2YEJ5CG508332
997,Jeep,Patriot,2009,1GYFK66818R080897
998,BMW,7 Series,1992,1FTSX2A56AE192584
999,Pontiac,1000,1985,4JGDF2EE6EA475682
1000,Land Rover,Defender Ice Edition,2010,1C3BC1FB7BN515005
